,Dataset,Model,ID,Experiment,IoU,SIS
0,Kvasir-SEG,DeepLab,0,No Augmentation,0.8197670578956604,0.36766666173934937
1,Kvasir-SEG,DeepLab,1,No Augmentation,0.823183000087738,0.3930937647819519
2,Kvasir-SEG,DeepLab,2,No Augmentation,0.8185625672340393,0.37433937191963196
3,Kvasir-SEG,DeepLab,3,No Augmentation,0.8215447068214417,0.3751557469367981
4,Kvasir-SEG,DeepLab,4,No Augmentation,0.8227771520614624,0.36637672781944275
5,Kvasir-SEG,DeepLab,5,No Augmentation,0.8163366913795471,0.3704821467399597
6,Kvasir-SEG,DeepLab,6,No Augmentation,0.8273139595985413,0.38553619384765625
7,Kvasir-SEG,DeepLab,7,No Augmentation,0.8210747241973877,0.36660057306289673
8,Kvasir-SEG,DeepLab,8,No Augmentation,0.8316584825515747,0.3631366491317749
9,Kvasir-SEG,DeepLab,9,No Augmentation,0.821860671043396,0.3678019940853119
10,Etis-LaribDB,DeepLab,0,No Augmentation,0.4144395887851715,0.69169020652771
11,Etis-LaribDB,DeepLab,1,No Augmentation,0.41848957538604736,0.6998902559280396
12,Etis-LaribDB,DeepLab,2,No Augmentation,0.4208667278289795,0.6975754499435425
13,Etis-LaribDB,DeepLab,3,No Augmentation,0.40965232253074646,0.687330961227417
14,Etis-LaribDB,DeepLab,4,No Augmentation,0.40336278080940247,0.7052065134048462
15,Etis-LaribDB,DeepLab,5,No Augmentation,0.41091009974479675,0.7097928524017334
16,Etis-LaribDB,DeepLab,6,No Augmentation,0.42975980043411255,0.7276594042778015
17,Etis-LaribDB,DeepLab,7,No Augmentation,0.418799489736557,0.71232008934021
18,Etis-LaribDB,DeepLab,8,No Augmentation,0.41820794343948364,0.6920697093009949
19,Etis-LaribDB,DeepLab,9,No Augmentation,0.42277637124061584,0.7102745175361633
20,CVC-ClinicDB,DeepLab,0,No Augmentation,0.6847699284553528,0.5484786033630371
21,CVC-ClinicDB,DeepLab,1,No Augmentation,0.668273389339447,0.5597171783447266
22,CVC-ClinicDB,DeepLab,2,No Augmentation,0.6848154067993164,0.5562912225723267
23,CVC-ClinicDB,DeepLab,3,No Augmentation,0.684950053691864,0.5475365519523621
24,CVC-ClinicDB,DeepLab,4,No Augmentation,0.6917253136634827,0.5473691821098328
25,CVC-ClinicDB,DeepLab,5,No Augmentation,0.6806619167327881,0.5559511780738831
26,CVC-ClinicDB,DeepLab,6,No Augmentation,0.6802039742469788,0.5698633193969727
27,CVC-ClinicDB,DeepLab,7,No Augmentation,0.6926458477973938,0.5459918975830078
28,CVC-ClinicDB,DeepLab,8,No Augmentation,0.6920862197875977,0.5395536422729492
29,CVC-ClinicDB,DeepLab,9,No Augmentation,0.6829040050506592,0.5602864623069763
30,EndoCV2020,DeepLab,0,No Augmentation,0.6019273400306702,0.505541205406189
31,EndoCV2020,DeepLab,1,No Augmentation,0.5887917280197144,0.5363144874572754
32,EndoCV2020,DeepLab,2,No Augmentation,0.6023234724998474,0.5160974860191345
33,EndoCV2020,DeepLab,3,No Augmentation,0.625278890132904,0.5121582746505737
34,EndoCV2020,DeepLab,4,No Augmentation,0.6035794019699097,0.5138561725616455
35,EndoCV2020,DeepLab,5,No Augmentation,0.60830157995224,0.5091080069541931
36,EndoCV2020,DeepLab,6,No Augmentation,0.6153367161750793,0.5092029571533203
37,EndoCV2020,DeepLab,7,No Augmentation,0.6150553226470947,0.5152642726898193
38,EndoCV2020,DeepLab,8,No Augmentation,0.605334460735321,0.5074634552001953
39,EndoCV2020,DeepLab,9,No Augmentation,0.6110466718673706,0.4974108338356018
40,Kvasir-SEG,DeepLab,0,Inpainter Augmentation,0.8451821804046631,0.21053269505500793
41,Kvasir-SEG,DeepLab,1,Inpainter Augmentation,0.8449552655220032,0.206257164478302
42,Kvasir-SEG,DeepLab,2,Inpainter Augmentation,0.855753481388092,0.20186331868171692
43,Kvasir-SEG,DeepLab,3,Inpainter Augmentation,0.8334166407585144,0.21530844271183014
44,Kvasir-SEG,DeepLab,4,Inpainter Augmentation,0.8512365818023682,0.19703669846057892
45,Kvasir-SEG,DeepLab,5,Inpainter Augmentation,0.8354371786117554,0.210860937833786
46,Kvasir-SEG,DeepLab,6,Inpainter Augmentation,0.8566845059394836,0.19784048199653625
47,Etis-LaribDB,DeepLab,0,Inpainter Augmentation,0.4693318009376526,0.5567830204963684
48,Etis-LaribDB,DeepLab,1,Inpainter Augmentation,0.4383699893951416,0.5676137804985046
49,Etis-LaribDB,DeepLab,2,Inpainter Augmentation,0.46965572237968445,0.5534348487854004
50,Etis-LaribDB,DeepLab,3,Inpainter Augmentation,0.40401050448417664,0.5726593732833862
51,Etis-LaribDB,DeepLab,4,Inpainter Augmentation,0.4817555248737335,0.5661693811416626
52,Etis-LaribDB,DeepLab,5,Inpainter Augmentation,0.45003342628479004,0.5674512386322021
53,Etis-LaribDB,DeepLab,6,Inpainter Augmentation,0.44118812680244446,0.5650111436843872
54,CVC-ClinicDB,DeepLab,0,Inpainter Augmentation,0.7184318900108337,0.34028300642967224
55,CVC-ClinicDB,DeepLab,1,Inpainter Augmentation,0.721058189868927,0.33125436305999756
56,CVC-ClinicDB,DeepLab,2,Inpainter Augmentation,0.7310508489608765,0.3242917060852051
57,CVC-ClinicDB,DeepLab,3,Inpainter Augmentation,0.6994679570198059,0.35169294476509094
58,CVC-ClinicDB,DeepLab,4,Inpainter Augmentation,0.7253211736679077,0.33408093452453613
59,CVC-ClinicDB,DeepLab,5,Inpainter Augmentation,0.7205587029457092,0.33189207315444946
60,CVC-ClinicDB,DeepLab,6,Inpainter Augmentation,0.7122503519058228,0.34323665499687195
61,EndoCV2020,DeepLab,0,Inpainter Augmentation,0.6561589241027832,0.34418195486068726
62,EndoCV2020,DeepLab,1,Inpainter Augmentation,0.6689473390579224,0.32710209488868713
63,EndoCV2020,DeepLab,2,Inpainter Augmentation,0.6682612895965576,0.32747799158096313
64,EndoCV2020,DeepLab,3,Inpainter Augmentation,0.6687722206115723,0.3374752700328827
65,EndoCV2020,DeepLab,4,Inpainter Augmentation,0.6786000728607178,0.3194056451320648
66,EndoCV2020,DeepLab,5,Inpainter Augmentation,0.6690368056297302,0.3246789872646332
67,EndoCV2020,DeepLab,6,Inpainter Augmentation,0.6787238121032715,0.33453142642974854
68,Kvasir-SEG,DeepLab,0,Vanilla Augmentation,0.8523012399673462,0.2035307139158249
69,Kvasir-SEG,DeepLab,1,Vanilla Augmentation,0.856224775314331,0.19323419034481049
70,Kvasir-SEG,DeepLab,2,Vanilla Augmentation,0.8498448133468628,0.20528823137283325
71,Kvasir-SEG,DeepLab,3,Vanilla Augmentation,0.8512924313545227,0.19684696197509766
72,Kvasir-SEG,DeepLab,4,Vanilla Augmentation,0.8501039147377014,0.20058375597000122
73,Kvasir-SEG,DeepLab,5,Vanilla Augmentation,0.8596633076667786,0.203277587890625
74,Kvasir-SEG,DeepLab,6,Vanilla Augmentation,0.8504956960678101,0.19325153529644012
75,Kvasir-SEG,DeepLab,7,Vanilla Augmentation,0.8523334860801697,0.2001020759344101
76,Kvasir-SEG,DeepLab,8,Vanilla Augmentation,0.841151773929596,0.20924244821071625
77,Kvasir-SEG,DeepLab,9,Vanilla Augmentation,0.8399544954299927,0.2142995297908783
78,Etis-LaribDB,DeepLab,0,Vanilla Augmentation,0.434856116771698,0.556328535079956
79,Etis-LaribDB,DeepLab,1,Vanilla Augmentation,0.45459797978401184,0.5476966500282288
80,Etis-LaribDB,DeepLab,2,Vanilla Augmentation,0.4907987117767334,0.5433380603790283
81,Etis-LaribDB,DeepLab,3,Vanilla Augmentation,0.46375536918640137,0.5552772879600525
82,Etis-LaribDB,DeepLab,4,Vanilla Augmentation,0.5146143436431885,0.5388844609260559
83,Etis-LaribDB,DeepLab,5,Vanilla Augmentation,0.44008949398994446,0.5580993890762329
84,Etis-LaribDB,DeepLab,6,Vanilla Augmentation,0.47680026292800903,0.5542847514152527
85,Etis-LaribDB,DeepLab,7,Vanilla Augmentation,0.46791592240333557,0.542966365814209
86,Etis-LaribDB,DeepLab,8,Vanilla Augmentation,0.4898638427257538,0.5475180745124817
87,Etis-LaribDB,DeepLab,9,Vanilla Augmentation,0.48691678047180176,0.5742725729942322
88,CVC-ClinicDB,DeepLab,0,Vanilla Augmentation,0.7360703945159912,0.32554683089256287
89,CVC-ClinicDB,DeepLab,1,Vanilla Augmentation,0.7367097735404968,0.3219107389450073
90,CVC-ClinicDB,DeepLab,2,Vanilla Augmentation,0.7341815233230591,0.31873711943626404
91,CVC-ClinicDB,DeepLab,3,Vanilla Augmentation,0.7314578294754028,0.32182881236076355
92,CVC-ClinicDB,DeepLab,4,Vanilla Augmentation,0.7436624765396118,0.31257888674736023
93,CVC-ClinicDB,DeepLab,5,Vanilla Augmentation,0.7363020777702332,0.320094496011734
94,CVC-ClinicDB,DeepLab,6,Vanilla Augmentation,0.7427711486816406,0.3225460946559906
95,CVC-ClinicDB,DeepLab,7,Vanilla Augmentation,0.7256417274475098,0.32761916518211365
96,CVC-ClinicDB,DeepLab,8,Vanilla Augmentation,0.7231204509735107,0.3362928330898285
97,CVC-ClinicDB,DeepLab,9,Vanilla Augmentation,0.7177938222885132,0.3367864489555359
98,EndoCV2020,DeepLab,0,Vanilla Augmentation,0.6735169887542725,0.3243986964225769
99,EndoCV2020,DeepLab,1,Vanilla Augmentation,0.6692209243774414,0.3319026529788971
100,EndoCV2020,DeepLab,2,Vanilla Augmentation,0.6804429888725281,0.3224191963672638
101,EndoCV2020,DeepLab,3,Vanilla Augmentation,0.6757066249847412,0.3219168484210968
102,EndoCV2020,DeepLab,4,Vanilla Augmentation,0.670836329460144,0.33048537373542786
103,EndoCV2020,DeepLab,5,Vanilla Augmentation,0.6820497512817383,0.3275459110736847
104,EndoCV2020,DeepLab,6,Vanilla Augmentation,0.6859955787658691,0.32079702615737915
105,EndoCV2020,DeepLab,7,Vanilla Augmentation,0.6814389824867249,0.33278635144233704
106,EndoCV2020,DeepLab,8,Vanilla Augmentation,0.6768360733985901,0.3175387680530548
107,EndoCV2020,DeepLab,9,Vanilla Augmentation,0.6667417883872986,0.3419845998287201
108,Kvasir-SEG,DeepLab,0,Consistency Training,0.8563277721405029,0.19871088862419128
109,Kvasir-SEG,DeepLab,1,Consistency Training,0.8650447726249695,0.19773626327514648
110,Kvasir-SEG,DeepLab,2,Consistency Training,0.8519471287727356,0.20319302380084991
111,Kvasir-SEG,DeepLab,3,Consistency Training,0.8514467477798462,0.20551404356956482
112,Kvasir-SEG,DeepLab,4,Consistency Training,0.8544232249259949,0.20382413268089294
113,Kvasir-SEG,DeepLab,5,Consistency Training,0.8503391742706299,0.2116338610649109
114,Kvasir-SEG,DeepLab,6,Consistency Training,0.8490023016929626,0.2087467610836029
115,Kvasir-SEG,DeepLab,7,Consistency Training,0.8421900868415833,0.21262364089488983
116,Kvasir-SEG,DeepLab,8,Consistency Training,0.8513652682304382,0.2023986428976059
117,Kvasir-SEG,DeepLab,9,Consistency Training,0.8518792986869812,0.21053434908390045
118,Etis-LaribDB,DeepLab,0,Consistency Training,0.5073118805885315,0.5520340204238892
119,Etis-LaribDB,DeepLab,1,Consistency Training,0.4760674238204956,0.5530049800872803
120,Etis-LaribDB,DeepLab,2,Consistency Training,0.4941432476043701,0.5612319707870483
121,Etis-LaribDB,DeepLab,3,Consistency Training,0.5331759452819824,0.5178422927856445
122,Etis-LaribDB,DeepLab,4,Consistency Training,0.5007326602935791,0.5494866967201233
123,Etis-LaribDB,DeepLab,5,Consistency Training,0.5102435350418091,0.5309211015701294
124,Etis-LaribDB,DeepLab,6,Consistency Training,0.503787100315094,0.5401321053504944
125,Etis-LaribDB,DeepLab,7,Consistency Training,0.5073265433311462,0.5437420010566711
126,Etis-LaribDB,DeepLab,8,Consistency Training,0.4970010817050934,0.5392140746116638
127,Etis-LaribDB,DeepLab,9,Consistency Training,0.5213609933853149,0.5429750680923462
128,CVC-ClinicDB,DeepLab,0,Consistency Training,0.7358192205429077,0.3276406526565552
129,CVC-ClinicDB,DeepLab,1,Consistency Training,0.7434901595115662,0.3204108774662018
130,CVC-ClinicDB,DeepLab,2,Consistency Training,0.7382732033729553,0.3318064212799072
131,CVC-ClinicDB,DeepLab,3,Consistency Training,0.7392356991767883,0.3231121003627777
132,CVC-ClinicDB,DeepLab,4,Consistency Training,0.7376147508621216,0.32058185338974
133,CVC-ClinicDB,DeepLab,5,Consistency Training,0.7378575205802917,0.32456547021865845
134,CVC-ClinicDB,DeepLab,6,Consistency Training,0.7474557757377625,0.3210890591144562
135,CVC-ClinicDB,DeepLab,7,Consistency Training,0.7427070736885071,0.3313921391963959
136,CVC-ClinicDB,DeepLab,8,Consistency Training,0.7357006669044495,0.3246152400970459
137,CVC-ClinicDB,DeepLab,9,Consistency Training,0.7412322759628296,0.3228106200695038
138,EndoCV2020,DeepLab,0,Consistency Training,0.6744282841682434,0.32791730761528015
139,EndoCV2020,DeepLab,1,Consistency Training,0.6845727562904358,0.33047011494636536
140,EndoCV2020,DeepLab,2,Consistency Training,0.6742959022521973,0.34001073241233826
141,EndoCV2020,DeepLab,3,Consistency Training,0.6865221261978149,0.321139395236969
142,EndoCV2020,DeepLab,4,Consistency Training,0.6671532392501831,0.3351161777973175
143,EndoCV2020,DeepLab,5,Consistency Training,0.6822378635406494,0.32733461260795593
144,EndoCV2020,DeepLab,6,Consistency Training,0.6951932907104492,0.33542561531066895
145,EndoCV2020,DeepLab,7,Consistency Training,0.6592088937759399,0.3300798833370209
146,EndoCV2020,DeepLab,8,Consistency Training,0.659992516040802,0.33440759778022766
147,EndoCV2020,DeepLab,9,Consistency Training,0.673906147480011,0.34124955534935
148,Kvasir-SEG,FPN,0,No Augmentation,0.8233006596565247,0.3923584222793579
149,Kvasir-SEG,FPN,1,No Augmentation,0.8207172155380249,0.3773193061351776
150,Kvasir-SEG,FPN,2,No Augmentation,0.815144956111908,0.37837663292884827
151,Kvasir-SEG,FPN,3,No Augmentation,0.8211108446121216,0.4052428603172302
152,Kvasir-SEG,FPN,4,No Augmentation,0.8273670077323914,0.36951446533203125
153,Kvasir-SEG,FPN,5,No Augmentation,0.8237072229385376,0.37177908420562744
154,Kvasir-SEG,FPN,6,No Augmentation,0.8313917517662048,0.3723190128803253
155,Kvasir-SEG,FPN,7,No Augmentation,0.8147703409194946,0.38326218724250793
156,Kvasir-SEG,FPN,8,No Augmentation,0.8187614679336548,0.4068267345428467
157,Kvasir-SEG,FPN,9,No Augmentation,0.8276966214179993,0.4013356566429138
158,Etis-LaribDB,FPN,0,No Augmentation,0.38740184903144836,0.7110907435417175
159,Etis-LaribDB,FPN,1,No Augmentation,0.415738970041275,0.6866965889930725
160,Etis-LaribDB,FPN,2,No Augmentation,0.43461963534355164,0.6767280101776123
161,Etis-LaribDB,FPN,3,No Augmentation,0.39290881156921387,0.7201341390609741
162,Etis-LaribDB,FPN,4,No Augmentation,0.38361093401908875,0.6928771138191223
163,Etis-LaribDB,FPN,5,No Augmentation,0.41663506627082825,0.694969117641449
164,Etis-LaribDB,FPN,6,No Augmentation,0.3936755359172821,0.6378083825111389
165,Etis-LaribDB,FPN,7,No Augmentation,0.41754040122032166,0.6995430588722229
166,Etis-LaribDB,FPN,8,No Augmentation,0.39096972346305847,0.7094351649284363
167,Etis-LaribDB,FPN,9,No Augmentation,0.4022176265716553,0.6826173663139343
168,CVC-ClinicDB,FPN,0,No Augmentation,0.6811723113059998,0.5450164079666138
169,CVC-ClinicDB,FPN,1,No Augmentation,0.6825652122497559,0.5373525619506836
170,CVC-ClinicDB,FPN,2,No Augmentation,0.6855208277702332,0.5462452173233032
171,CVC-ClinicDB,FPN,3,No Augmentation,0.6654155254364014,0.5565090775489807
172,CVC-ClinicDB,FPN,4,No Augmentation,0.6677971482276917,0.5447560548782349
173,CVC-ClinicDB,FPN,5,No Augmentation,0.6850374341011047,0.5370012521743774
174,CVC-ClinicDB,FPN,6,No Augmentation,0.6767524480819702,0.5382805466651917
175,CVC-ClinicDB,FPN,7,No Augmentation,0.6737720966339111,0.5511782169342041
176,CVC-ClinicDB,FPN,8,No Augmentation,0.6654943227767944,0.5667030811309814
177,CVC-ClinicDB,FPN,9,No Augmentation,0.6624863147735596,0.5774072408676147
178,EndoCV2020,FPN,0,No Augmentation,0.5959745645523071,0.5451774597167969
179,EndoCV2020,FPN,1,No Augmentation,0.6111475825309753,0.5126640796661377
180,EndoCV2020,FPN,2,No Augmentation,0.6198017597198486,0.5261424779891968
181,EndoCV2020,FPN,3,No Augmentation,0.6108024716377258,0.5312706232070923
182,EndoCV2020,FPN,4,No Augmentation,0.6004833579063416,0.5311749577522278
183,EndoCV2020,FPN,5,No Augmentation,0.6066741943359375,0.5272334218025208
184,EndoCV2020,FPN,6,No Augmentation,0.589834451675415,0.5147109627723694
185,EndoCV2020,FPN,7,No Augmentation,0.5968518257141113,0.5317059755325317
186,EndoCV2020,FPN,8,No Augmentation,0.5836511850357056,0.5409911870956421
187,EndoCV2020,FPN,9,No Augmentation,0.5850123763084412,0.55820232629776
188,Kvasir-SEG,FPN,0,Inpainter Augmentation,0.8563674092292786,0.19692133367061615
189,Kvasir-SEG,FPN,1,Inpainter Augmentation,0.840728223323822,0.21678568422794342
190,Kvasir-SEG,FPN,2,Inpainter Augmentation,0.84917151927948,0.20766253769397736
191,Kvasir-SEG,FPN,3,Inpainter Augmentation,0.8451911211013794,0.21400831639766693
192,Kvasir-SEG,FPN,4,Inpainter Augmentation,0.8478227853775024,0.222720667719841
193,Kvasir-SEG,FPN,5,Inpainter Augmentation,0.8441401720046997,0.2177128791809082
194,Kvasir-SEG,FPN,6,Inpainter Augmentation,0.854802668094635,0.20176982879638672
195,Etis-LaribDB,FPN,0,Inpainter Augmentation,0.44409167766571045,0.589671790599823
196,Etis-LaribDB,FPN,1,Inpainter Augmentation,0.4136866331100464,0.5964437127113342
197,Etis-LaribDB,FPN,2,Inpainter Augmentation,0.4432041645050049,0.573997974395752
198,Etis-LaribDB,FPN,3,Inpainter Augmentation,0.39091333746910095,0.6057440638542175
199,Etis-LaribDB,FPN,4,Inpainter Augmentation,0.4450843036174774,0.5608608722686768
200,Etis-LaribDB,FPN,5,Inpainter Augmentation,0.4297633767127991,0.5641674995422363
201,Etis-LaribDB,FPN,6,Inpainter Augmentation,0.3873600959777832,0.588326632976532
202,CVC-ClinicDB,FPN,0,Inpainter Augmentation,0.6976644992828369,0.35378292202949524
203,CVC-ClinicDB,FPN,1,Inpainter Augmentation,0.7051995396614075,0.3506438434123993
204,CVC-ClinicDB,FPN,2,Inpainter Augmentation,0.707182765007019,0.34964972734451294
205,CVC-ClinicDB,FPN,3,Inpainter Augmentation,0.7011790871620178,0.36131805181503296
206,CVC-ClinicDB,FPN,4,Inpainter Augmentation,0.7069611549377441,0.34829244017601013
207,CVC-ClinicDB,FPN,5,Inpainter Augmentation,0.7324373722076416,0.32754868268966675
208,CVC-ClinicDB,FPN,6,Inpainter Augmentation,0.6837031245231628,0.35591715574264526
209,EndoCV2020,FPN,0,Inpainter Augmentation,0.6527806520462036,0.35245275497436523
210,EndoCV2020,FPN,1,Inpainter Augmentation,0.6461167931556702,0.3547429144382477
211,EndoCV2020,FPN,2,Inpainter Augmentation,0.6730599403381348,0.3409397304058075
212,EndoCV2020,FPN,3,Inpainter Augmentation,0.6902191042900085,0.3395603597164154
213,EndoCV2020,FPN,4,Inpainter Augmentation,0.6630776524543762,0.3537002205848694
214,EndoCV2020,FPN,5,Inpainter Augmentation,0.6831413507461548,0.3423202931880951
215,EndoCV2020,FPN,6,Inpainter Augmentation,0.6189864277839661,0.36837178468704224
216,Kvasir-SEG,FPN,0,Vanilla Augmentation,0.859274685382843,0.19785669445991516
217,Kvasir-SEG,FPN,1,Vanilla Augmentation,0.848908007144928,0.21135590970516205
218,Kvasir-SEG,FPN,2,Vanilla Augmentation,0.8549106121063232,0.20468831062316895
219,Kvasir-SEG,FPN,3,Vanilla Augmentation,0.845915675163269,0.19973550736904144
220,Kvasir-SEG,FPN,4,Vanilla Augmentation,0.851776659488678,0.22177283465862274
221,Kvasir-SEG,FPN,5,Vanilla Augmentation,0.8419188857078552,0.21400213241577148
222,Kvasir-SEG,FPN,6,Vanilla Augmentation,0.8594608902931213,0.20210711658000946
223,Kvasir-SEG,FPN,7,Vanilla Augmentation,0.8604888319969177,0.20229369401931763
224,Kvasir-SEG,FPN,8,Vanilla Augmentation,0.850135862827301,0.20799744129180908
225,Kvasir-SEG,FPN,9,Vanilla Augmentation,0.8526381850242615,0.1985916942358017
226,Etis-LaribDB,FPN,0,Vanilla Augmentation,0.4421158730983734,0.564501166343689
227,Etis-LaribDB,FPN,1,Vanilla Augmentation,0.4159572124481201,0.5801843404769897
228,Etis-LaribDB,FPN,2,Vanilla Augmentation,0.45305830240249634,0.5642067790031433
229,Etis-LaribDB,FPN,3,Vanilla Augmentation,0.4563618004322052,0.5612185001373291
230,Etis-LaribDB,FPN,4,Vanilla Augmentation,0.4720795154571533,0.5611636638641357
231,Etis-LaribDB,FPN,5,Vanilla Augmentation,0.4401666522026062,0.5763570070266724
232,Etis-LaribDB,FPN,6,Vanilla Augmentation,0.3977798521518707,0.5868970155715942
233,Etis-LaribDB,FPN,7,Vanilla Augmentation,0.4595237970352173,0.5875001549720764
234,Etis-LaribDB,FPN,8,Vanilla Augmentation,0.40131255984306335,0.5917949080467224
235,Etis-LaribDB,FPN,9,Vanilla Augmentation,0.4602679908275604,0.5782362222671509
236,CVC-ClinicDB,FPN,0,Vanilla Augmentation,0.7299041152000427,0.3255249857902527
237,CVC-ClinicDB,FPN,1,Vanilla Augmentation,0.7118387222290039,0.35598474740982056
238,CVC-ClinicDB,FPN,2,Vanilla Augmentation,0.7179251909255981,0.3383866250514984
239,CVC-ClinicDB,FPN,3,Vanilla Augmentation,0.7208290100097656,0.3343791663646698
240,CVC-ClinicDB,FPN,4,Vanilla Augmentation,0.709166944026947,0.33871209621429443
241,CVC-ClinicDB,FPN,5,Vanilla Augmentation,0.7203202843666077,0.34167566895484924
242,CVC-ClinicDB,FPN,6,Vanilla Augmentation,0.7087672352790833,0.3462899625301361
243,CVC-ClinicDB,FPN,7,Vanilla Augmentation,0.7129900455474854,0.35002031922340393
244,CVC-ClinicDB,FPN,8,Vanilla Augmentation,0.6965688467025757,0.3593355119228363
245,CVC-ClinicDB,FPN,9,Vanilla Augmentation,0.7222915887832642,0.3446723222732544
246,EndoCV2020,FPN,0,Vanilla Augmentation,0.6592938303947449,0.3433152437210083
247,EndoCV2020,FPN,1,Vanilla Augmentation,0.6481823921203613,0.36204561591148376
248,EndoCV2020,FPN,2,Vanilla Augmentation,0.666438639163971,0.3357675075531006
249,EndoCV2020,FPN,3,Vanilla Augmentation,0.6587537527084351,0.3628579378128052
250,EndoCV2020,FPN,4,Vanilla Augmentation,0.6722322702407837,0.34887266159057617
251,EndoCV2020,FPN,5,Vanilla Augmentation,0.6714792847633362,0.3420373499393463
252,EndoCV2020,FPN,6,Vanilla Augmentation,0.6612390279769897,0.34364742040634155
253,EndoCV2020,FPN,7,Vanilla Augmentation,0.6630435585975647,0.3458739221096039
254,EndoCV2020,FPN,8,Vanilla Augmentation,0.6508103013038635,0.3544345498085022
255,EndoCV2020,FPN,9,Vanilla Augmentation,0.6649119853973389,0.33801770210266113
256,Kvasir-SEG,FPN,0,Consistency Training,0.8637772798538208,0.1991414725780487
257,Kvasir-SEG,FPN,1,Consistency Training,0.848895788192749,0.21170063316822052
258,Kvasir-SEG,FPN,2,Consistency Training,0.8463598489761353,0.2099703699350357
259,Kvasir-SEG,FPN,3,Consistency Training,0.8491329550743103,0.20994138717651367
260,Kvasir-SEG,FPN,4,Consistency Training,0.8476853370666504,0.21455498039722443
261,Kvasir-SEG,FPN,5,Consistency Training,0.8495588302612305,0.21497371792793274
262,Kvasir-SEG,FPN,6,Consistency Training,0.8536578416824341,0.21174632012844086
263,Kvasir-SEG,FPN,7,Consistency Training,0.8570436835289001,0.20740845799446106
264,Kvasir-SEG,FPN,8,Consistency Training,0.8530945181846619,0.2139427661895752
265,Kvasir-SEG,FPN,9,Consistency Training,0.8542593717575073,0.20379328727722168
266,Etis-LaribDB,FPN,0,Consistency Training,0.4977150857448578,0.545238196849823
267,Etis-LaribDB,FPN,1,Consistency Training,0.47478270530700684,0.5314484238624573
268,Etis-LaribDB,FPN,2,Consistency Training,0.47926846146583557,0.5582456588745117
269,Etis-LaribDB,FPN,3,Consistency Training,0.46802693605422974,0.5584701299667358
270,Etis-LaribDB,FPN,4,Consistency Training,0.4671315848827362,0.5607849359512329
271,Etis-LaribDB,FPN,5,Consistency Training,0.4770384132862091,0.5563122034072876
272,Etis-LaribDB,FPN,6,Consistency Training,0.4357157349586487,0.5714257955551147
273,Etis-LaribDB,FPN,7,Consistency Training,0.5146250128746033,0.5510209202766418
274,Etis-LaribDB,FPN,8,Consistency Training,0.4776740074157715,0.5568838119506836
275,Etis-LaribDB,FPN,9,Consistency Training,0.4544448256492615,0.5677055716514587
276,CVC-ClinicDB,FPN,0,Consistency Training,0.7337263226509094,0.31636548042297363
277,CVC-ClinicDB,FPN,1,Consistency Training,0.7197268605232239,0.3327837884426117
278,CVC-ClinicDB,FPN,2,Consistency Training,0.7315173149108887,0.326322466135025
279,CVC-ClinicDB,FPN,3,Consistency Training,0.7302547097206116,0.33760881423950195
280,CVC-ClinicDB,FPN,4,Consistency Training,0.7218554019927979,0.3478624224662781
281,CVC-ClinicDB,FPN,5,Consistency Training,0.7307308912277222,0.3361135721206665
282,CVC-ClinicDB,FPN,6,Consistency Training,0.7151167392730713,0.3490062952041626
283,CVC-ClinicDB,FPN,7,Consistency Training,0.7284916639328003,0.33045539259910583
284,CVC-ClinicDB,FPN,8,Consistency Training,0.7308109998703003,0.3325716257095337
285,CVC-ClinicDB,FPN,9,Consistency Training,0.725686252117157,0.3313608467578888
286,EndoCV2020,FPN,0,Consistency Training,0.6942623257637024,0.32445228099823
287,EndoCV2020,FPN,1,Consistency Training,0.6490633487701416,0.3568366467952728
288,EndoCV2020,FPN,2,Consistency Training,0.6729133129119873,0.352277010679245
289,EndoCV2020,FPN,3,Consistency Training,0.6823124885559082,0.35473594069480896
290,EndoCV2020,FPN,4,Consistency Training,0.6719502210617065,0.37119531631469727
291,EndoCV2020,FPN,5,Consistency Training,0.678025484085083,0.3495071828365326
292,EndoCV2020,FPN,6,Consistency Training,0.6675437688827515,0.37716737389564514
293,EndoCV2020,FPN,7,Consistency Training,0.6874678134918213,0.35236555337905884
294,EndoCV2020,FPN,8,Consistency Training,0.6754551529884338,0.35821807384490967
295,EndoCV2020,FPN,9,Consistency Training,0.6536493301391602,0.361887127161026
296,Kvasir-SEG,DD-DeepLabV3+,0,No Augmentation,0.8312467932701111,0.36010682582855225
297,Kvasir-SEG,DD-DeepLabV3+,1,No Augmentation,0.8302373886108398,0.37957629561424255
298,Kvasir-SEG,DD-DeepLabV3+,2,No Augmentation,0.8280776739120483,0.37344858050346375
299,Kvasir-SEG,DD-DeepLabV3+,3,No Augmentation,0.8352066278457642,0.3534591794013977
300,Kvasir-SEG,DD-DeepLabV3+,4,No Augmentation,0.8328316807746887,0.34939396381378174
301,Kvasir-SEG,DD-DeepLabV3+,5,No Augmentation,0.8325119018554688,0.3810097575187683
302,Kvasir-SEG,DD-DeepLabV3+,6,No Augmentation,0.8322043418884277,0.3801540732383728
303,Kvasir-SEG,DD-DeepLabV3+,7,No Augmentation,0.8143607974052429,0.377169132232666
304,Kvasir-SEG,DD-DeepLabV3+,8,No Augmentation,0.8340423107147217,0.37285077571868896
305,Kvasir-SEG,DD-DeepLabV3+,9,No Augmentation,0.8210182189941406,0.3795303404331207
306,Etis-LaribDB,DD-DeepLabV3+,0,No Augmentation,0.41717180609703064,0.6940913796424866
307,Etis-LaribDB,DD-DeepLabV3+,1,No Augmentation,0.40826112031936646,0.7015341520309448
308,Etis-LaribDB,DD-DeepLabV3+,2,No Augmentation,0.42438971996307373,0.6949962973594666
309,Etis-LaribDB,DD-DeepLabV3+,3,No Augmentation,0.38512253761291504,0.6967435479164124
310,Etis-LaribDB,DD-DeepLabV3+,4,No Augmentation,0.39177021384239197,0.7132068872451782
311,Etis-LaribDB,DD-DeepLabV3+,5,No Augmentation,0.4074210822582245,0.725960910320282
312,Etis-LaribDB,DD-DeepLabV3+,6,No Augmentation,0.4242948293685913,0.6842116117477417
313,Etis-LaribDB,DD-DeepLabV3+,7,No Augmentation,0.3993779122829437,0.7259635329246521
314,Etis-LaribDB,DD-DeepLabV3+,8,No Augmentation,0.40496018528938293,0.6951673626899719
315,Etis-LaribDB,DD-DeepLabV3+,9,No Augmentation,0.4155498147010803,0.7137121558189392
316,CVC-ClinicDB,DD-DeepLabV3+,0,No Augmentation,0.6814872026443481,0.5352851152420044
317,CVC-ClinicDB,DD-DeepLabV3+,1,No Augmentation,0.687461793422699,0.5491213798522949
318,CVC-ClinicDB,DD-DeepLabV3+,2,No Augmentation,0.6812334656715393,0.5497373938560486
319,CVC-ClinicDB,DD-DeepLabV3+,3,No Augmentation,0.6984000205993652,0.5402934551239014
320,CVC-ClinicDB,DD-DeepLabV3+,4,No Augmentation,0.683368444442749,0.540678858757019
321,CVC-ClinicDB,DD-DeepLabV3+,5,No Augmentation,0.6684895753860474,0.5769423842430115
322,CVC-ClinicDB,DD-DeepLabV3+,6,No Augmentation,0.6609833240509033,0.5506572723388672
323,CVC-ClinicDB,DD-DeepLabV3+,7,No Augmentation,0.674311101436615,0.5513064861297607
324,CVC-ClinicDB,DD-DeepLabV3+,8,No Augmentation,0.6939535140991211,0.5425274968147278
325,CVC-ClinicDB,DD-DeepLabV3+,9,No Augmentation,0.6809477210044861,0.56063312292099
326,EndoCV2020,DD-DeepLabV3+,0,No Augmentation,0.5924073457717896,0.5109914541244507
327,EndoCV2020,DD-DeepLabV3+,1,No Augmentation,0.5867160558700562,0.5195975303649902
328,EndoCV2020,DD-DeepLabV3+,2,No Augmentation,0.5893632173538208,0.5305423736572266
329,EndoCV2020,DD-DeepLabV3+,3,No Augmentation,0.5997057557106018,0.5117826461791992
330,EndoCV2020,DD-DeepLabV3+,4,No Augmentation,0.5802412629127502,0.5027696490287781
331,EndoCV2020,DD-DeepLabV3+,5,No Augmentation,0.6235772967338562,0.5212944746017456
332,EndoCV2020,DD-DeepLabV3+,6,No Augmentation,0.600319504737854,0.5412684082984924
333,EndoCV2020,DD-DeepLabV3+,7,No Augmentation,0.5812424421310425,0.5297584533691406
334,EndoCV2020,DD-DeepLabV3+,8,No Augmentation,0.6053990721702576,0.5096869468688965
335,EndoCV2020,DD-DeepLabV3+,9,No Augmentation,0.5996538400650024,0.5084115862846375
336,Kvasir-SEG,DD-DeepLabV3+,0,Inpainter Augmentation,0.8471304774284363,0.20219659805297852
337,Kvasir-SEG,DD-DeepLabV3+,1,Inpainter Augmentation,0.8490344285964966,0.2121846228837967
338,Kvasir-SEG,DD-DeepLabV3+,2,Inpainter Augmentation,0.8397342562675476,0.21185894310474396
339,Kvasir-SEG,DD-DeepLabV3+,3,Inpainter Augmentation,0.8555148839950562,0.1971571445465088
340,Kvasir-SEG,DD-DeepLabV3+,4,Inpainter Augmentation,0.8406951427459717,0.21454107761383057
341,Kvasir-SEG,DD-DeepLabV3+,5,Inpainter Augmentation,0.8428277969360352,0.20791123807430267
342,Kvasir-SEG,DD-DeepLabV3+,6,Inpainter Augmentation,0.8323599100112915,0.21285952627658844
343,Etis-LaribDB,DD-DeepLabV3+,0,Inpainter Augmentation,0.4638344645500183,0.5827863812446594
344,Etis-LaribDB,DD-DeepLabV3+,1,Inpainter Augmentation,0.4345690608024597,0.5779915452003479
345,Etis-LaribDB,DD-DeepLabV3+,2,Inpainter Augmentation,0.3992142677307129,0.6044134497642517
346,Etis-LaribDB,DD-DeepLabV3+,3,Inpainter Augmentation,0.4183335602283478,0.5615944266319275
347,Etis-LaribDB,DD-DeepLabV3+,4,Inpainter Augmentation,0.4220954477787018,0.5875265002250671
348,Etis-LaribDB,DD-DeepLabV3+,5,Inpainter Augmentation,0.4824763834476471,0.548176646232605
349,Etis-LaribDB,DD-DeepLabV3+,6,Inpainter Augmentation,0.4267539381980896,0.581420361995697
350,CVC-ClinicDB,DD-DeepLabV3+,0,Inpainter Augmentation,0.727420449256897,0.33233511447906494
351,CVC-ClinicDB,DD-DeepLabV3+,1,Inpainter Augmentation,0.7180271744728088,0.33874115347862244
352,CVC-ClinicDB,DD-DeepLabV3+,2,Inpainter Augmentation,0.6848106384277344,0.36143866181373596
353,CVC-ClinicDB,DD-DeepLabV3+,3,Inpainter Augmentation,0.7234662175178528,0.33254870772361755
354,CVC-ClinicDB,DD-DeepLabV3+,4,Inpainter Augmentation,0.7190899848937988,0.3462061285972595
355,CVC-ClinicDB,DD-DeepLabV3+,5,Inpainter Augmentation,0.7199276089668274,0.33360666036605835
356,CVC-ClinicDB,DD-DeepLabV3+,6,Inpainter Augmentation,0.6999735236167908,0.3550873100757599
357,EndoCV2020,DD-DeepLabV3+,0,Inpainter Augmentation,0.6648785471916199,0.3384704291820526
358,EndoCV2020,DD-DeepLabV3+,1,Inpainter Augmentation,0.6581716537475586,0.3492490351200104
359,EndoCV2020,DD-DeepLabV3+,2,Inpainter Augmentation,0.6624575853347778,0.33019933104515076
360,EndoCV2020,DD-DeepLabV3+,3,Inpainter Augmentation,0.6736568808555603,0.33899056911468506
361,EndoCV2020,DD-DeepLabV3+,4,Inpainter Augmentation,0.6721615195274353,0.3483811020851135
362,EndoCV2020,DD-DeepLabV3+,5,Inpainter Augmentation,0.6793403029441833,0.3334270715713501
363,EndoCV2020,DD-DeepLabV3+,6,Inpainter Augmentation,0.6682518720626831,0.351407915353775
364,Kvasir-SEG,DD-DeepLabV3+,0,Vanilla Augmentation,0.8454204201698303,0.2022629827260971
365,Kvasir-SEG,DD-DeepLabV3+,1,Vanilla Augmentation,0.849968671798706,0.21244536340236664
366,Kvasir-SEG,DD-DeepLabV3+,2,Vanilla Augmentation,0.8469780683517456,0.21336640417575836
367,Kvasir-SEG,DD-DeepLabV3+,3,Vanilla Augmentation,0.8419153094291687,0.20887604355812073
368,Kvasir-SEG,DD-DeepLabV3+,4,Vanilla Augmentation,0.8537600040435791,0.19787833094596863
369,Kvasir-SEG,DD-DeepLabV3+,5,Vanilla Augmentation,0.8462837338447571,0.2164749950170517
370,Kvasir-SEG,DD-DeepLabV3+,6,Vanilla Augmentation,0.8359232544898987,0.20552363991737366
371,Kvasir-SEG,DD-DeepLabV3+,7,Vanilla Augmentation,0.8474870324134827,0.1985011100769043
372,Kvasir-SEG,DD-DeepLabV3+,8,Vanilla Augmentation,0.8582754135131836,0.20616449415683746
373,Kvasir-SEG,DD-DeepLabV3+,9,Vanilla Augmentation,0.8499839901924133,0.20522341132164001
374,Etis-LaribDB,DD-DeepLabV3+,0,Vanilla Augmentation,0.47162625193595886,0.5494900345802307
375,Etis-LaribDB,DD-DeepLabV3+,1,Vanilla Augmentation,0.4361489415168762,0.5408173203468323
376,Etis-LaribDB,DD-DeepLabV3+,2,Vanilla Augmentation,0.4884677827358246,0.5482916235923767
377,Etis-LaribDB,DD-DeepLabV3+,3,Vanilla Augmentation,0.43672671914100647,0.564727783203125
378,Etis-LaribDB,DD-DeepLabV3+,4,Vanilla Augmentation,0.5045244097709656,0.5357533097267151
379,Etis-LaribDB,DD-DeepLabV3+,5,Vanilla Augmentation,0.5194562673568726,0.5197836756706238
380,Etis-LaribDB,DD-DeepLabV3+,6,Vanilla Augmentation,0.4284992516040802,0.5799247026443481
381,Etis-LaribDB,DD-DeepLabV3+,7,Vanilla Augmentation,0.43674176931381226,0.5884798169136047
382,Etis-LaribDB,DD-DeepLabV3+,8,Vanilla Augmentation,0.4540870785713196,0.5754587650299072
383,Etis-LaribDB,DD-DeepLabV3+,9,Vanilla Augmentation,0.42326587438583374,0.5793551206588745
384,CVC-ClinicDB,DD-DeepLabV3+,0,Vanilla Augmentation,0.7371494770050049,0.308851957321167
385,CVC-ClinicDB,DD-DeepLabV3+,1,Vanilla Augmentation,0.7337062954902649,0.3218190670013428
386,CVC-ClinicDB,DD-DeepLabV3+,2,Vanilla Augmentation,0.7224220037460327,0.3373659551143646
387,CVC-ClinicDB,DD-DeepLabV3+,3,Vanilla Augmentation,0.7268102169036865,0.3251813054084778
388,CVC-ClinicDB,DD-DeepLabV3+,4,Vanilla Augmentation,0.740870475769043,0.31837597489356995
389,CVC-ClinicDB,DD-DeepLabV3+,5,Vanilla Augmentation,0.7342581152915955,0.3191116750240326
390,CVC-ClinicDB,DD-DeepLabV3+,6,Vanilla Augmentation,0.7178901433944702,0.3460474908351898
391,CVC-ClinicDB,DD-DeepLabV3+,7,Vanilla Augmentation,0.7232486009597778,0.3424948453903198
392,CVC-ClinicDB,DD-DeepLabV3+,8,Vanilla Augmentation,0.7204585075378418,0.3293503522872925
393,CVC-ClinicDB,DD-DeepLabV3+,9,Vanilla Augmentation,0.7239981293678284,0.33560869097709656
394,EndoCV2020,DD-DeepLabV3+,0,Vanilla Augmentation,0.6581699252128601,0.33662888407707214
395,EndoCV2020,DD-DeepLabV3+,1,Vanilla Augmentation,0.6694301962852478,0.3381105363368988
396,EndoCV2020,DD-DeepLabV3+,2,Vanilla Augmentation,0.6711236238479614,0.33540546894073486
397,EndoCV2020,DD-DeepLabV3+,3,Vanilla Augmentation,0.6693965792655945,0.330934077501297
398,EndoCV2020,DD-DeepLabV3+,4,Vanilla Augmentation,0.6787505149841309,0.3227212131023407
399,EndoCV2020,DD-DeepLabV3+,5,Vanilla Augmentation,0.673560619354248,0.32183295488357544
400,EndoCV2020,DD-DeepLabV3+,6,Vanilla Augmentation,0.6719199419021606,0.3319846987724304
401,EndoCV2020,DD-DeepLabV3+,7,Vanilla Augmentation,0.6756138205528259,0.32812801003456116
402,EndoCV2020,DD-DeepLabV3+,8,Vanilla Augmentation,0.6491262912750244,0.3389710783958435
403,EndoCV2020,DD-DeepLabV3+,9,Vanilla Augmentation,0.6650172472000122,0.3324893116950989
404,Kvasir-SEG,DD-DeepLabV3+,0,Consistency Training,0.8530934453010559,0.20070530474185944
405,Kvasir-SEG,DD-DeepLabV3+,1,Consistency Training,0.8574117422103882,0.20415426790714264
406,Kvasir-SEG,DD-DeepLabV3+,2,Consistency Training,0.8472392559051514,0.21709929406642914
407,Kvasir-SEG,DD-DeepLabV3+,3,Consistency Training,0.8585448265075684,0.2083686888217926
408,Kvasir-SEG,DD-DeepLabV3+,4,Consistency Training,0.839987576007843,0.22434119880199432
409,Kvasir-SEG,DD-DeepLabV3+,5,Consistency Training,0.8610266447067261,0.2028277963399887
410,Kvasir-SEG,DD-DeepLabV3+,6,Consistency Training,0.8485588431358337,0.20994646847248077
411,Kvasir-SEG,DD-DeepLabV3+,7,Consistency Training,0.8473935723304749,0.20540304481983185
412,Kvasir-SEG,DD-DeepLabV3+,8,Consistency Training,0.8507362604141235,0.22663676738739014
413,Kvasir-SEG,DD-DeepLabV3+,9,Consistency Training,0.8517278432846069,0.2071232944726944
414,Etis-LaribDB,DD-DeepLabV3+,0,Consistency Training,0.48129525780677795,0.559549868106842
415,Etis-LaribDB,DD-DeepLabV3+,1,Consistency Training,0.45771801471710205,0.5550915002822876
416,Etis-LaribDB,DD-DeepLabV3+,2,Consistency Training,0.4841098189353943,0.5516788363456726
417,Etis-LaribDB,DD-DeepLabV3+,3,Consistency Training,0.4754510521888733,0.5590020418167114
418,Etis-LaribDB,DD-DeepLabV3+,4,Consistency Training,0.49316051602363586,0.5531021952629089
419,Etis-LaribDB,DD-DeepLabV3+,5,Consistency Training,0.4787887930870056,0.5565661787986755
420,Etis-LaribDB,DD-DeepLabV3+,6,Consistency Training,0.4806639552116394,0.5595171451568604
421,Etis-LaribDB,DD-DeepLabV3+,7,Consistency Training,0.5066190958023071,0.5494624972343445
422,Etis-LaribDB,DD-DeepLabV3+,8,Consistency Training,0.4856030344963074,0.5666364431381226
423,Etis-LaribDB,DD-DeepLabV3+,9,Consistency Training,0.4747251272201538,0.5633766651153564
424,CVC-ClinicDB,DD-DeepLabV3+,0,Consistency Training,0.7470663189888,0.3119065463542938
425,CVC-ClinicDB,DD-DeepLabV3+,1,Consistency Training,0.7313287854194641,0.3307969272136688
426,CVC-ClinicDB,DD-DeepLabV3+,2,Consistency Training,0.7353497743606567,0.32424062490463257
427,CVC-ClinicDB,DD-DeepLabV3+,3,Consistency Training,0.7314057350158691,0.32995131611824036
428,CVC-ClinicDB,DD-DeepLabV3+,4,Consistency Training,0.7369928359985352,0.32920315861701965
429,CVC-ClinicDB,DD-DeepLabV3+,5,Consistency Training,0.7396236062049866,0.3204735517501831
430,CVC-ClinicDB,DD-DeepLabV3+,6,Consistency Training,0.7337862849235535,0.3272952139377594
431,CVC-ClinicDB,DD-DeepLabV3+,7,Consistency Training,0.740309476852417,0.330750048160553
432,CVC-ClinicDB,DD-DeepLabV3+,8,Consistency Training,0.7314438223838806,0.33098679780960083
433,CVC-ClinicDB,DD-DeepLabV3+,9,Consistency Training,0.7350237965583801,0.3280341327190399
434,EndoCV2020,DD-DeepLabV3+,0,Consistency Training,0.7063064575195312,0.3093467056751251
435,EndoCV2020,DD-DeepLabV3+,1,Consistency Training,0.6583162546157837,0.34987086057662964
436,EndoCV2020,DD-DeepLabV3+,2,Consistency Training,0.66830974817276,0.345406174659729
437,EndoCV2020,DD-DeepLabV3+,3,Consistency Training,0.676140546798706,0.34408608078956604
438,EndoCV2020,DD-DeepLabV3+,4,Consistency Training,0.6680935025215149,0.34963294863700867
439,EndoCV2020,DD-DeepLabV3+,5,Consistency Training,0.657220184803009,0.3453458249568939
440,EndoCV2020,DD-DeepLabV3+,6,Consistency Training,0.6615790128707886,0.3395432233810425
441,EndoCV2020,DD-DeepLabV3+,7,Consistency Training,0.671576201915741,0.35290688276290894
442,EndoCV2020,DD-DeepLabV3+,8,Consistency Training,0.6463097333908081,0.3416101038455963
443,EndoCV2020,DD-DeepLabV3+,9,Consistency Training,0.6693235635757446,0.358230322599411
444,Kvasir-SEG,TriUnet,1,No Augmentation,0.8214602470397949,0.4029226005077362
445,Kvasir-SEG,TriUnet,2,No Augmentation,0.8231578469276428,0.414266437292099
446,Kvasir-SEG,TriUnet,3,No Augmentation,0.8238974809646606,0.4333697259426117
447,Kvasir-SEG,TriUnet,4,No Augmentation,0.8271350264549255,0.3767228424549103
448,Kvasir-SEG,TriUnet,5,No Augmentation,0.8156380653381348,0.4301937222480774
449,Kvasir-SEG,TriUnet,6,No Augmentation,0.8085642457008362,0.48595207929611206
450,Kvasir-SEG,TriUnet,7,No Augmentation,0.7950260639190674,0.42297250032424927
451,Kvasir-SEG,TriUnet,8,No Augmentation,0.8326979279518127,0.4510238468647003
452,Kvasir-SEG,TriUnet,9,No Augmentation,0.8079124689102173,0.451425164937973
453,Etis-LaribDB,TriUnet,1,No Augmentation,0.25659412145614624,0.7507336735725403
454,Etis-LaribDB,TriUnet,2,No Augmentation,0.34363532066345215,0.702339768409729
455,Etis-LaribDB,TriUnet,3,No Augmentation,0.31745031476020813,0.701058030128479
456,Etis-LaribDB,TriUnet,4,No Augmentation,0.32811325788497925,0.6574809551239014
457,Etis-LaribDB,TriUnet,5,No Augmentation,0.279255747795105,0.6976639032363892
458,Etis-LaribDB,TriUnet,6,No Augmentation,0.3130679428577423,0.7637298107147217
459,Etis-LaribDB,TriUnet,7,No Augmentation,0.3048265278339386,0.7205086350440979
460,Etis-LaribDB,TriUnet,8,No Augmentation,0.3342840075492859,0.7144251465797424
461,Etis-LaribDB,TriUnet,9,No Augmentation,0.30362579226493835,0.7187781929969788
462,CVC-ClinicDB,TriUnet,1,No Augmentation,0.6389721632003784,0.588259756565094
463,CVC-ClinicDB,TriUnet,2,No Augmentation,0.6325148940086365,0.6036165356636047
464,CVC-ClinicDB,TriUnet,3,No Augmentation,0.6221054196357727,0.6126194596290588
465,CVC-ClinicDB,TriUnet,4,No Augmentation,0.6566800475120544,0.5771029591560364
466,CVC-ClinicDB,TriUnet,5,No Augmentation,0.6152012348175049,0.5837199687957764
467,CVC-ClinicDB,TriUnet,6,No Augmentation,0.598648726940155,0.6553097367286682
468,CVC-ClinicDB,TriUnet,7,No Augmentation,0.6209771037101746,0.6115404963493347
469,CVC-ClinicDB,TriUnet,8,No Augmentation,0.6360121965408325,0.6237577199935913
470,CVC-ClinicDB,TriUnet,9,No Augmentation,0.5827105641365051,0.6307410001754761
471,EndoCV2020,TriUnet,1,No Augmentation,0.5816621780395508,0.519098699092865
472,EndoCV2020,TriUnet,2,No Augmentation,0.574738085269928,0.5355034470558167
473,EndoCV2020,TriUnet,3,No Augmentation,0.5783763527870178,0.5785852074623108
474,EndoCV2020,TriUnet,4,No Augmentation,0.6130902171134949,0.537410318851471
475,EndoCV2020,TriUnet,5,No Augmentation,0.5575317740440369,0.5409013628959656
476,EndoCV2020,TriUnet,6,No Augmentation,0.5624707937240601,0.5699304342269897
477,EndoCV2020,TriUnet,7,No Augmentation,0.5907734036445618,0.5296782851219177
478,EndoCV2020,TriUnet,8,No Augmentation,0.599915087223053,0.5424618124961853
479,EndoCV2020,TriUnet,9,No Augmentation,0.5356812477111816,0.5666834712028503
480,Kvasir-SEG,TriUnet,0,Inpainter Augmentation,0.8558351397514343,0.20593856275081635
481,Kvasir-SEG,TriUnet,1,Inpainter Augmentation,0.8321720957756042,0.2219729870557785
482,Kvasir-SEG,TriUnet,2,Inpainter Augmentation,0.8407670855522156,0.21812106668949127
483,Kvasir-SEG,TriUnet,3,Inpainter Augmentation,0.8532270193099976,0.21608354151248932
484,Kvasir-SEG,TriUnet,4,Inpainter Augmentation,0.8635606169700623,0.21758127212524414
485,Kvasir-SEG,TriUnet,5,Inpainter Augmentation,0.8591336607933044,0.21256767213344574
486,Kvasir-SEG,TriUnet,6,Inpainter Augmentation,0.7918081283569336,0.25441405177116394
487,Etis-LaribDB,TriUnet,0,Inpainter Augmentation,0.39610862731933594,0.6154326796531677
488,Etis-LaribDB,TriUnet,1,Inpainter Augmentation,0.38870003819465637,0.6427731513977051
489,Etis-LaribDB,TriUnet,2,Inpainter Augmentation,0.3878333568572998,0.6351540684700012
490,Etis-LaribDB,TriUnet,3,Inpainter Augmentation,0.36815959215164185,0.5674049854278564
491,Etis-LaribDB,TriUnet,4,Inpainter Augmentation,0.4074440002441406,0.6022368669509888
492,Etis-LaribDB,TriUnet,5,Inpainter Augmentation,0.4353826344013214,0.6187041997909546
493,Etis-LaribDB,TriUnet,6,Inpainter Augmentation,0.2931608259677887,0.4820404350757599
494,CVC-ClinicDB,TriUnet,0,Inpainter Augmentation,0.6683919429779053,0.39108771085739136
495,CVC-ClinicDB,TriUnet,1,Inpainter Augmentation,0.6600944995880127,0.40887993574142456
496,CVC-ClinicDB,TriUnet,2,Inpainter Augmentation,0.6790904998779297,0.4034441411495209
497,CVC-ClinicDB,TriUnet,3,Inpainter Augmentation,0.6757442355155945,0.3812263309955597
498,CVC-ClinicDB,TriUnet,4,Inpainter Augmentation,0.6628771424293518,0.40348073840141296
499,CVC-ClinicDB,TriUnet,5,Inpainter Augmentation,0.6839691996574402,0.3840716779232025
500,CVC-ClinicDB,TriUnet,6,Inpainter Augmentation,0.5849844813346863,0.42451900243759155
501,EndoCV2020,TriUnet,0,Inpainter Augmentation,0.6749132871627808,0.3624221086502075
502,EndoCV2020,TriUnet,1,Inpainter Augmentation,0.6679395437240601,0.3515801727771759
503,EndoCV2020,TriUnet,2,Inpainter Augmentation,0.6723126173019409,0.34836545586586
504,EndoCV2020,TriUnet,3,Inpainter Augmentation,0.6696780323982239,0.3513799011707306
505,EndoCV2020,TriUnet,4,Inpainter Augmentation,0.6330805420875549,0.3803509473800659
506,EndoCV2020,TriUnet,5,Inpainter Augmentation,0.6565557718276978,0.3571009933948517
507,EndoCV2020,TriUnet,6,Inpainter Augmentation,0.6144168376922607,0.38772299885749817
508,Kvasir-SEG,TriUnet,0,Vanilla Augmentation,0.8475956916809082,0.21101874113082886
509,Kvasir-SEG,TriUnet,1,Vanilla Augmentation,0.8530033230781555,0.2124422788619995
510,Kvasir-SEG,TriUnet,2,Vanilla Augmentation,0.8305583596229553,0.2284078449010849
511,Kvasir-SEG,TriUnet,3,Vanilla Augmentation,0.8383067846298218,0.21558329463005066
512,Kvasir-SEG,TriUnet,4,Vanilla Augmentation,0.85352623462677,0.21923428773880005
513,Kvasir-SEG,TriUnet,5,Vanilla Augmentation,0.8413050770759583,0.22206656634807587
514,Kvasir-SEG,TriUnet,6,Vanilla Augmentation,0.8448095917701721,0.22139427065849304
515,Kvasir-SEG,TriUnet,7,Vanilla Augmentation,0.8369566202163696,0.21884740889072418
516,Kvasir-SEG,TriUnet,8,Vanilla Augmentation,0.8402574062347412,0.22181084752082825
517,Kvasir-SEG,TriUnet,9,Vanilla Augmentation,0.826421856880188,0.2534390985965729
518,Etis-LaribDB,TriUnet,0,Vanilla Augmentation,0.4524449110031128,0.5805625915527344
519,Etis-LaribDB,TriUnet,1,Vanilla Augmentation,0.432750403881073,0.5782262086868286
520,Etis-LaribDB,TriUnet,2,Vanilla Augmentation,0.4134677052497864,0.593830943107605
521,Etis-LaribDB,TriUnet,3,Vanilla Augmentation,0.37486305832862854,0.6275424957275391
522,Etis-LaribDB,TriUnet,4,Vanilla Augmentation,0.3866867423057556,0.6061660647392273
523,Etis-LaribDB,TriUnet,5,Vanilla Augmentation,0.45084837079048157,0.5686323046684265
524,Etis-LaribDB,TriUnet,6,Vanilla Augmentation,0.37902456521987915,0.6444404125213623
525,Etis-LaribDB,TriUnet,7,Vanilla Augmentation,0.42016375064849854,0.6232792735099792
526,Etis-LaribDB,TriUnet,8,Vanilla Augmentation,0.4352453351020813,0.5779346823692322
527,Etis-LaribDB,TriUnet,9,Vanilla Augmentation,0.3526434898376465,0.6593581438064575
528,CVC-ClinicDB,TriUnet,0,Vanilla Augmentation,0.7167679071426392,0.35026291012763977
529,CVC-ClinicDB,TriUnet,1,Vanilla Augmentation,0.6834429502487183,0.3704800009727478
530,CVC-ClinicDB,TriUnet,2,Vanilla Augmentation,0.7026224732398987,0.36991795897483826
531,CVC-ClinicDB,TriUnet,3,Vanilla Augmentation,0.6655724048614502,0.39154574275016785
532,CVC-ClinicDB,TriUnet,4,Vanilla Augmentation,0.6997250914573669,0.35910072922706604
533,CVC-ClinicDB,TriUnet,5,Vanilla Augmentation,0.7003169655799866,0.362491637468338
534,CVC-ClinicDB,TriUnet,6,Vanilla Augmentation,0.6824834942817688,0.38961926102638245
535,CVC-ClinicDB,TriUnet,7,Vanilla Augmentation,0.6536228656768799,0.40140077471733093
536,CVC-ClinicDB,TriUnet,8,Vanilla Augmentation,0.689670741558075,0.37271541357040405
537,CVC-ClinicDB,TriUnet,9,Vanilla Augmentation,0.6408554911613464,0.4312973916530609
538,EndoCV2020,TriUnet,0,Vanilla Augmentation,0.6845452785491943,0.3642256557941437
539,EndoCV2020,TriUnet,1,Vanilla Augmentation,0.667721688747406,0.34923434257507324
540,EndoCV2020,TriUnet,2,Vanilla Augmentation,0.6704135537147522,0.34618085622787476
541,EndoCV2020,TriUnet,3,Vanilla Augmentation,0.6623339653015137,0.3646966218948364
542,EndoCV2020,TriUnet,4,Vanilla Augmentation,0.6960346102714539,0.3180944621562958
543,EndoCV2020,TriUnet,5,Vanilla Augmentation,0.6562191843986511,0.34700697660446167
544,EndoCV2020,TriUnet,6,Vanilla Augmentation,0.6477497220039368,0.3724934160709381
545,EndoCV2020,TriUnet,7,Vanilla Augmentation,0.6427618265151978,0.3864653706550598
546,EndoCV2020,TriUnet,8,Vanilla Augmentation,0.6830288171768188,0.3359852135181427
547,EndoCV2020,TriUnet,9,Vanilla Augmentation,0.6543447375297546,0.36433735489845276
548,Kvasir-SEG,TriUnet,0,Consistency Training,0.8537855744361877,0.2079874575138092
549,Kvasir-SEG,TriUnet,1,Consistency Training,0.8377740383148193,0.25146299600601196
550,Kvasir-SEG,TriUnet,2,Consistency Training,0.8278022408485413,0.2332100123167038
551,Kvasir-SEG,TriUnet,3,Consistency Training,0.8528204560279846,0.21349221467971802
552,Kvasir-SEG,TriUnet,4,Consistency Training,0.8470582962036133,0.23658382892608643
553,Kvasir-SEG,TriUnet,5,Consistency Training,0.8491321206092834,0.22350747883319855
554,Kvasir-SEG,TriUnet,6,Consistency Training,0.8498831391334534,0.20741252601146698
555,Kvasir-SEG,TriUnet,7,Consistency Training,0.8404009938240051,0.22138874232769012
556,Kvasir-SEG,TriUnet,8,Consistency Training,0.841788113117218,0.22755944728851318
557,Kvasir-SEG,TriUnet,9,Consistency Training,0.8502677083015442,0.219784215092659
558,Etis-LaribDB,TriUnet,0,Consistency Training,0.49000221490859985,0.5644283890724182
559,Etis-LaribDB,TriUnet,1,Consistency Training,0.42800894379615784,0.6082058548927307
560,Etis-LaribDB,TriUnet,2,Consistency Training,0.41154640913009644,0.6070957183837891
561,Etis-LaribDB,TriUnet,3,Consistency Training,0.3920561373233795,0.6037648320198059
562,Etis-LaribDB,TriUnet,4,Consistency Training,0.4213258624076843,0.6028867959976196
563,Etis-LaribDB,TriUnet,5,Consistency Training,0.48988449573516846,0.5838384628295898
564,Etis-LaribDB,TriUnet,6,Consistency Training,0.4406537413597107,0.6112220883369446
565,Etis-LaribDB,TriUnet,7,Consistency Training,0.45673757791519165,0.5853113532066345
566,Etis-LaribDB,TriUnet,8,Consistency Training,0.39847704768180847,0.6244471073150635
567,Etis-LaribDB,TriUnet,9,Consistency Training,0.40979906916618347,0.5977010726928711
568,CVC-ClinicDB,TriUnet,0,Consistency Training,0.7265297770500183,0.34660473465919495
569,CVC-ClinicDB,TriUnet,1,Consistency Training,0.6724022626876831,0.4011193811893463
570,CVC-ClinicDB,TriUnet,2,Consistency Training,0.687555730342865,0.3885270059108734
571,CVC-ClinicDB,TriUnet,3,Consistency Training,0.6864469647407532,0.3888453543186188
572,CVC-ClinicDB,TriUnet,4,Consistency Training,0.6964967250823975,0.38565272092819214
573,CVC-ClinicDB,TriUnet,5,Consistency Training,0.7259438037872314,0.35636550188064575
574,CVC-ClinicDB,TriUnet,6,Consistency Training,0.6938677430152893,0.3793180286884308
575,CVC-ClinicDB,TriUnet,7,Consistency Training,0.7033881545066833,0.37819403409957886
576,CVC-ClinicDB,TriUnet,8,Consistency Training,0.6688687205314636,0.4016041159629822
577,CVC-ClinicDB,TriUnet,9,Consistency Training,0.6993079781532288,0.37034985423088074
578,EndoCV2020,TriUnet,0,Consistency Training,0.6879780888557434,0.34093451499938965
579,EndoCV2020,TriUnet,1,Consistency Training,0.6910979151725769,0.3613525629043579
580,EndoCV2020,TriUnet,2,Consistency Training,0.6751454472541809,0.36126360297203064
581,EndoCV2020,TriUnet,3,Consistency Training,0.6738707423210144,0.3661995828151703
582,EndoCV2020,TriUnet,4,Consistency Training,0.6729099154472351,0.3670290410518646
583,EndoCV2020,TriUnet,5,Consistency Training,0.7144479751586914,0.34987008571624756
584,EndoCV2020,TriUnet,6,Consistency Training,0.6978729963302612,0.34887295961380005
585,EndoCV2020,TriUnet,7,Consistency Training,0.6613414883613586,0.38588958978652954
586,EndoCV2020,TriUnet,8,Consistency Training,0.6800175309181213,0.3611822724342346
587,EndoCV2020,TriUnet,9,Consistency Training,0.6886789202690125,0.3711784780025482
588,Kvasir-SEG,Unet,0,No Augmentation,0.827747642993927,0.3867184519767761
589,Kvasir-SEG,Unet,1,No Augmentation,0.8310838937759399,0.39416247606277466
590,Kvasir-SEG,Unet,2,No Augmentation,0.8252198100090027,0.3636288046836853
591,Kvasir-SEG,Unet,3,No Augmentation,0.8255434632301331,0.38838982582092285
592,Kvasir-SEG,Unet,4,No Augmentation,0.8316613435745239,0.3824143409729004
593,Kvasir-SEG,Unet,5,No Augmentation,0.8273756504058838,0.37817686796188354
594,Kvasir-SEG,Unet,6,No Augmentation,0.8292027115821838,0.37662479281425476
595,Kvasir-SEG,Unet,7,No Augmentation,0.8310039639472961,0.37496307492256165
596,Kvasir-SEG,Unet,8,No Augmentation,0.8270630836486816,0.3678438067436218
597,Kvasir-SEG,Unet,9,No Augmentation,0.8279085755348206,0.39640679955482483
598,Etis-LaribDB,Unet,0,No Augmentation,0.40371760725975037,0.6871545910835266
599,Etis-LaribDB,Unet,1,No Augmentation,0.39637625217437744,0.6907020807266235
600,Etis-LaribDB,Unet,2,No Augmentation,0.40297815203666687,0.6928156614303589
601,Etis-LaribDB,Unet,3,No Augmentation,0.4000258147716522,0.7209206819534302
602,Etis-LaribDB,Unet,4,No Augmentation,0.4064144194126129,0.6453951001167297
603,Etis-LaribDB,Unet,5,No Augmentation,0.3954811692237854,0.6956720352172852
604,Etis-LaribDB,Unet,6,No Augmentation,0.4188004732131958,0.6646344065666199
605,Etis-LaribDB,Unet,7,No Augmentation,0.373054563999176,0.6941349506378174
606,Etis-LaribDB,Unet,8,No Augmentation,0.4086519777774811,0.691939115524292
607,Etis-LaribDB,Unet,9,No Augmentation,0.4281577169895172,0.6758558750152588
608,CVC-ClinicDB,Unet,0,No Augmentation,0.6824853420257568,0.5435529947280884
609,CVC-ClinicDB,Unet,1,No Augmentation,0.6725848317146301,0.5438222885131836
610,CVC-ClinicDB,Unet,2,No Augmentation,0.6731149554252625,0.5393520593643188
611,CVC-ClinicDB,Unet,3,No Augmentation,0.6766234040260315,0.5685738325119019
612,CVC-ClinicDB,Unet,4,No Augmentation,0.680226743221283,0.5454870462417603
613,CVC-ClinicDB,Unet,5,No Augmentation,0.6825433969497681,0.5331476926803589
614,CVC-ClinicDB,Unet,6,No Augmentation,0.688189685344696,0.5472736358642578
615,CVC-ClinicDB,Unet,7,No Augmentation,0.678291916847229,0.5467855334281921
616,CVC-ClinicDB,Unet,8,No Augmentation,0.6774144172668457,0.5474062561988831
617,CVC-ClinicDB,Unet,9,No Augmentation,0.6829290390014648,0.543742299079895
618,EndoCV2020,Unet,0,No Augmentation,0.5898619890213013,0.5271954536437988
619,EndoCV2020,Unet,1,No Augmentation,0.6012935638427734,0.5258155465126038
620,EndoCV2020,Unet,2,No Augmentation,0.6007928848266602,0.5237868428230286
621,EndoCV2020,Unet,3,No Augmentation,0.5891286730766296,0.5375761985778809
622,EndoCV2020,Unet,4,No Augmentation,0.613512396812439,0.5246484279632568
623,EndoCV2020,Unet,5,No Augmentation,0.591136634349823,0.516257643699646
624,EndoCV2020,Unet,6,No Augmentation,0.6044749021530151,0.5227389931678772
625,EndoCV2020,Unet,7,No Augmentation,0.583229124546051,0.5218469500541687
626,EndoCV2020,Unet,8,No Augmentation,0.6005480289459229,0.5199530124664307
627,EndoCV2020,Unet,9,No Augmentation,0.6020990014076233,0.511493444442749
628,Kvasir-SEG,Unet,0,Inpainter Augmentation,0.8507214188575745,0.21232761442661285
629,Kvasir-SEG,Unet,1,Inpainter Augmentation,0.8392835855484009,0.20675915479660034
630,Kvasir-SEG,Unet,2,Inpainter Augmentation,0.8317447900772095,0.2170202136039734
631,Kvasir-SEG,Unet,3,Inpainter Augmentation,0.8557674884796143,0.21008040010929108
632,Kvasir-SEG,Unet,4,Inpainter Augmentation,0.8358063697814941,0.2126927524805069
633,Kvasir-SEG,Unet,5,Inpainter Augmentation,0.8523358106613159,0.1995866298675537
634,Kvasir-SEG,Unet,6,Inpainter Augmentation,0.8587472438812256,0.19957396388053894
635,Etis-LaribDB,Unet,0,Inpainter Augmentation,0.41200128197669983,0.6039388179779053
636,Etis-LaribDB,Unet,1,Inpainter Augmentation,0.38745471835136414,0.6034124493598938
637,Etis-LaribDB,Unet,2,Inpainter Augmentation,0.3972761332988739,0.6077306866645813
638,Etis-LaribDB,Unet,3,Inpainter Augmentation,0.4346716105937958,0.5739468336105347
639,Etis-LaribDB,Unet,4,Inpainter Augmentation,0.3868477940559387,0.5973430275917053
640,Etis-LaribDB,Unet,5,Inpainter Augmentation,0.4365048408508301,0.5713624954223633
641,Etis-LaribDB,Unet,6,Inpainter Augmentation,0.4422852694988251,0.5635971426963806
642,CVC-ClinicDB,Unet,0,Inpainter Augmentation,0.6925122141838074,0.3576310873031616
643,CVC-ClinicDB,Unet,1,Inpainter Augmentation,0.6989176869392395,0.3596675395965576
644,CVC-ClinicDB,Unet,2,Inpainter Augmentation,0.6997473835945129,0.36032143235206604
645,CVC-ClinicDB,Unet,3,Inpainter Augmentation,0.7126128673553467,0.34272727370262146
646,CVC-ClinicDB,Unet,4,Inpainter Augmentation,0.6924415230751038,0.3619217872619629
647,CVC-ClinicDB,Unet,5,Inpainter Augmentation,0.7111960053443909,0.34316593408584595
648,CVC-ClinicDB,Unet,6,Inpainter Augmentation,0.716607928276062,0.3430982232093811
649,EndoCV2020,Unet,0,Inpainter Augmentation,0.6581308841705322,0.34409239888191223
650,EndoCV2020,Unet,1,Inpainter Augmentation,0.6556590795516968,0.3496605455875397
651,EndoCV2020,Unet,2,Inpainter Augmentation,0.6700751781463623,0.3520006537437439
652,EndoCV2020,Unet,3,Inpainter Augmentation,0.6700576543807983,0.34952813386917114
653,EndoCV2020,Unet,4,Inpainter Augmentation,0.6616226434707642,0.3584232032299042
654,EndoCV2020,Unet,5,Inpainter Augmentation,0.6732209920883179,0.3344499170780182
655,EndoCV2020,Unet,6,Inpainter Augmentation,0.6658079624176025,0.34446218609809875
656,Kvasir-SEG,Unet,0,Vanilla Augmentation,0.8501691818237305,0.21081703901290894
657,Kvasir-SEG,Unet,1,Vanilla Augmentation,0.8405829071998596,0.2081432342529297
658,Kvasir-SEG,Unet,2,Vanilla Augmentation,0.8455699682235718,0.2110183984041214
659,Kvasir-SEG,Unet,3,Vanilla Augmentation,0.8504418134689331,0.21598242223262787
660,Kvasir-SEG,Unet,4,Vanilla Augmentation,0.8492365479469299,0.21080675721168518
661,Kvasir-SEG,Unet,5,Vanilla Augmentation,0.8615815043449402,0.20011894404888153
662,Kvasir-SEG,Unet,6,Vanilla Augmentation,0.8572762608528137,0.20637428760528564
663,Kvasir-SEG,Unet,7,Vanilla Augmentation,0.8403676748275757,0.21363705396652222
664,Kvasir-SEG,Unet,8,Vanilla Augmentation,0.853569507598877,0.2098878175020218
665,Kvasir-SEG,Unet,9,Vanilla Augmentation,0.8583588600158691,0.19745571911334991
666,Etis-LaribDB,Unet,0,Vanilla Augmentation,0.4618470072746277,0.5487430095672607
667,Etis-LaribDB,Unet,1,Vanilla Augmentation,0.4816073775291443,0.5443904995918274
668,Etis-LaribDB,Unet,2,Vanilla Augmentation,0.48422423005104065,0.5441970825195312
669,Etis-LaribDB,Unet,3,Vanilla Augmentation,0.4727211594581604,0.5451794862747192
670,Etis-LaribDB,Unet,4,Vanilla Augmentation,0.4400733709335327,0.58137446641922
671,Etis-LaribDB,Unet,5,Vanilla Augmentation,0.39393743872642517,0.6115656495094299
672,Etis-LaribDB,Unet,6,Vanilla Augmentation,0.4410434663295746,0.5705451965332031
673,Etis-LaribDB,Unet,7,Vanilla Augmentation,0.40175995230674744,0.611732542514801
674,Etis-LaribDB,Unet,8,Vanilla Augmentation,0.4516690969467163,0.5458294153213501
675,Etis-LaribDB,Unet,9,Vanilla Augmentation,0.43632569909095764,0.5824900269508362
676,CVC-ClinicDB,Unet,0,Vanilla Augmentation,0.7233552932739258,0.3233771324157715
677,CVC-ClinicDB,Unet,1,Vanilla Augmentation,0.727374255657196,0.32981935143470764
678,CVC-ClinicDB,Unet,2,Vanilla Augmentation,0.7168316841125488,0.32939520478248596
679,CVC-ClinicDB,Unet,3,Vanilla Augmentation,0.7174020409584045,0.3324427306652069
680,CVC-ClinicDB,Unet,4,Vanilla Augmentation,0.7111329436302185,0.3426617681980133
681,CVC-ClinicDB,Unet,5,Vanilla Augmentation,0.7192259430885315,0.345689594745636
682,CVC-ClinicDB,Unet,6,Vanilla Augmentation,0.7215876579284668,0.330799400806427
683,CVC-ClinicDB,Unet,7,Vanilla Augmentation,0.7107108235359192,0.3449298143386841
684,CVC-ClinicDB,Unet,8,Vanilla Augmentation,0.7125404477119446,0.3472599387168884
685,CVC-ClinicDB,Unet,9,Vanilla Augmentation,0.7089864611625671,0.3448282778263092
686,EndoCV2020,Unet,0,Vanilla Augmentation,0.6694701910018921,0.352436900138855
687,EndoCV2020,Unet,1,Vanilla Augmentation,0.6594676375389099,0.3392705023288727
688,EndoCV2020,Unet,2,Vanilla Augmentation,0.6642990112304688,0.35145264863967896
689,EndoCV2020,Unet,3,Vanilla Augmentation,0.6602595448493958,0.34059780836105347
690,EndoCV2020,Unet,4,Vanilla Augmentation,0.6497399806976318,0.35438141226768494
691,EndoCV2020,Unet,5,Vanilla Augmentation,0.6657506227493286,0.35250407457351685
692,EndoCV2020,Unet,6,Vanilla Augmentation,0.6527826189994812,0.33826369047164917
693,EndoCV2020,Unet,7,Vanilla Augmentation,0.6584826111793518,0.35959601402282715
694,EndoCV2020,Unet,8,Vanilla Augmentation,0.6469992399215698,0.3617764413356781
695,EndoCV2020,Unet,9,Vanilla Augmentation,0.669055700302124,0.33853811025619507
696,Kvasir-SEG,Unet,0,Consistency Training,0.8620843291282654,0.19940821826457977
697,Kvasir-SEG,Unet,1,Consistency Training,0.8425679802894592,0.22052662074565887
698,Kvasir-SEG,Unet,2,Consistency Training,0.8532289266586304,0.21131354570388794
699,Kvasir-SEG,Unet,3,Consistency Training,0.8489850759506226,0.21299278736114502
700,Kvasir-SEG,Unet,4,Consistency Training,0.8443859219551086,0.22038860619068146
701,Kvasir-SEG,Unet,5,Consistency Training,0.8530970215797424,0.2126942127943039
702,Kvasir-SEG,Unet,6,Consistency Training,0.8514735698699951,0.20859295129776
703,Kvasir-SEG,Unet,7,Consistency Training,0.855525016784668,0.20935600996017456
704,Kvasir-SEG,Unet,8,Consistency Training,0.8589447140693665,0.19678303599357605
705,Kvasir-SEG,Unet,9,Consistency Training,0.840925395488739,0.21588215231895447
706,Etis-LaribDB,Unet,0,Consistency Training,0.47892799973487854,0.5530024170875549
707,Etis-LaribDB,Unet,1,Consistency Training,0.49613508582115173,0.5438632965087891
708,Etis-LaribDB,Unet,2,Consistency Training,0.4855209290981293,0.5627198219299316
709,Etis-LaribDB,Unet,3,Consistency Training,0.47333014011383057,0.5633548498153687
710,Etis-LaribDB,Unet,4,Consistency Training,0.4835222661495209,0.551755964756012
711,Etis-LaribDB,Unet,5,Consistency Training,0.4893767833709717,0.5587088465690613
712,Etis-LaribDB,Unet,6,Consistency Training,0.466313898563385,0.5490633249282837
713,Etis-LaribDB,Unet,7,Consistency Training,0.47122418880462646,0.5637745261192322
714,Etis-LaribDB,Unet,8,Consistency Training,0.48009735345840454,0.5532500743865967
715,Etis-LaribDB,Unet,9,Consistency Training,0.4868467152118683,0.5510379076004028
716,CVC-ClinicDB,Unet,0,Consistency Training,0.7455379366874695,0.3110869228839874
717,CVC-ClinicDB,Unet,1,Consistency Training,0.7283132076263428,0.3361821472644806
718,CVC-ClinicDB,Unet,2,Consistency Training,0.7233486175537109,0.3409116864204407
719,CVC-ClinicDB,Unet,3,Consistency Training,0.729704737663269,0.33145248889923096
720,CVC-ClinicDB,Unet,4,Consistency Training,0.7294325232505798,0.33423957228660583
721,CVC-ClinicDB,Unet,5,Consistency Training,0.7259076237678528,0.3449845314025879
722,CVC-ClinicDB,Unet,6,Consistency Training,0.7235426306724548,0.3319857716560364
723,CVC-ClinicDB,Unet,7,Consistency Training,0.7333102226257324,0.3360166847705841
724,CVC-ClinicDB,Unet,8,Consistency Training,0.731486976146698,0.32936444878578186
725,CVC-ClinicDB,Unet,9,Consistency Training,0.7297682762145996,0.33610770106315613
726,EndoCV2020,Unet,0,Consistency Training,0.6995733976364136,0.3310301899909973
727,EndoCV2020,Unet,1,Consistency Training,0.6655517220497131,0.35134705901145935
728,EndoCV2020,Unet,2,Consistency Training,0.6780612468719482,0.35393038392066956
729,EndoCV2020,Unet,3,Consistency Training,0.6652655005455017,0.36568599939346313
730,EndoCV2020,Unet,4,Consistency Training,0.678484320640564,0.34973180294036865
731,EndoCV2020,Unet,5,Consistency Training,0.6788547039031982,0.35940834879875183
732,EndoCV2020,Unet,6,Consistency Training,0.6733678579330444,0.3530154526233673
733,EndoCV2020,Unet,7,Consistency Training,0.6672340035438538,0.35884660482406616
734,EndoCV2020,Unet,8,Consistency Training,0.6721653938293457,0.35842055082321167
735,EndoCV2020,Unet,9,Consistency Training,0.6787985563278198,0.35542863607406616
